"Reason for Credit Entry","Sub Order No","Order Date","Customer State","Product Name","SKU","Size","Quantity","Supplier Listed Price (Incl. GST + Commission)","Supplier Discounted Price (Incl GST and Commision)"
"DELIVERED","406826346276_1","2022-08-01","Rajasthan","FIVESTAR Georgette Lehengha Choli with Inner Crep and Embroidered with 9mm Sequnce Work with Dupata","6326","Semi Stitched","1","1910.0","1910.0"
"CANCELLED","216649987717_1","2022-08-02","Andhra Pradesh","Beautiful pure lakhnovi long kurta embroidery cotton thread work,sequence work ,flair plazoo and duppata","Kb 201","XXL","1","1500.0","1500.0"
"DELIVERED","184970118893_1","2022-08-02","Karnataka"," PARTY WEAR BEAUTIFUL LOOK FANCY EMBROIDERY AND 5mm SEQUENCE WORK GOWN WITH DUPATTA ","hk 1446","Free Size","1","1561.0","1561.0"
"RTO_COMPLETE","916538974169_1","2022-08-02","Assam","FIVESTAR Designer Suit On Havy Gorgette febric with 9MM sequnce work and sharara on Gorgette febric with 9MM Sequnce work and Dupatta on also Gorgette Febric with 9MM Sequnce work (BLACK)","1101 black","Semi Stitched","1","1749.0","1749.0"
"DELIVERED","528661643961_1","2022-08-02","West Bengal","stlish dress","mk -6114","XL","1","750.0","750.0"
"RTO_COMPLETE","261363877240_1","2022-08-02","Uttar Pradesh","Heavy faux georgette with embroidery work with moti latkan border with sleev  Dupatta Sets ","Ad 009 a","XXL","1","1500.0","1500.0"
"CANCELLED","125088357756_1","2022-08-02","Madhya Pradesh"," PARTY WEAR LOOK HEAVY EMBROIDERY AND 5mm SEQUINS WORK GOWN WITH DUPATTA ","Hk1408b","Free Size","1","1350.0","1350.0"
"CANCELLED","223981111637_1","2022-08-03","Jharkhand","stylish shirt","546149913","XXL","1","500.0","500.0"
"CANCELLED","760155806750_1","2022-08-03","Telangana","Fancy three layer one piece","123","S","1","550.0","550.0"
"RTO_COMPLETE","183404359462_1","2022-08-03","Bihar","top & bottom set","akshar 1090","M","1","1368.0","1368.0"
"DELIVERED","322259568161_1","2022-08-03","Telangana"," PARTY WEAR LOOK HEAVY EMBROIDERY AND 5mm SEQUINS WORK GOWN WITH DUPATTA ","hk 1408","Free Size","1","1350.0","1350.0"
"DELIVERED","173534645547_1","2022-08-04","Madhya Pradesh"," PARTY WEAR LOOK HEAVY EMBROIDERY AND 5mm SEQUINS WORK GOWN WITH DUPATTA ","hk 1408","Free Size","1","1350.0","1350.0"
"RTO_COMPLETE","493966375185_1","2022-08-04","Odisha"," PARTY WEAR LOOK HEAVY EMBROIDERY AND 5mm SEQUINS WORK GOWN WITH DUPATTA ","Hk1408b","Free Size","1","1350.0","1350.0"
"DELIVERED","507255016644_1","2022-08-04","Telangana","Heavy Soft Butterfly Net With Rose Flower Pattern Ribin Work With Rivet Moti Work With Sleeve gown with duppata","Ad 021","XXL","1","1300.0","1300.0"
"CANCELLED","180484790337_1","2022-08-04","West Bengal","Heavy Soft Butterfly Net With Rose Flower Pattern Ribin Work With Rivet Moti Work With Sleeve gown with duppata","Ad 021","XXL","1","1300.0","1300.0"
"DELIVERED","354486173123_1","2022-08-04","Himachal Pradesh"," PARTY WEAR LOOK HEAVY EMBROIDERY AND 5mm SEQUINS WORK GOWN WITH DUPATTA ","Hk1408b","Free Size","1","1350.0","1350.0"
"DELIVERED","832025757463_1","2022-08-04","Tamil Nadu"," PARTY WEAR LOOK HEAVY EMBROIDERY AND 5mm SEQUINS WORK GOWN WITH DUPATTA ","Hk1408b","Free Size","1","1350.0","1350.0"
"CANCELLED","838020109948_1","2022-08-04","Madhya Pradesh"," PARTY WEAR LOOK HEAVY EMBROIDERY AND 5mm SEQUINS WORK GOWN WITH DUPATTA ","Hk1408b","Free Size","1","1350.0","1350.0"
"CANCELLED","581588380617_1","2022-08-05","Uttar Pradesh","FIVESTAR beautiful Designer Saree on premium Soft Net fabric with Sequence and Embroidery work and blouse on Velvet fabric with Sequence and Embroidery work","323","Free Size","1","1399.0","1399.0"
"DELIVERED","978604039408_1","2022-08-05","Haryana","FIVESTAR Designer Suit On Havy Gorgette febric with Thred and sequnce work and Pent on Gorgette febric and Dupatta on also Gorgette Febric with Thred and Sequnce work","1100","Semi Stitched","1","1749.0","1749.0"
"DELIVERED","641914233092_1","2022-08-05","Uttar Pradesh","Designer Saree on premium Soft Net fabric with Sequnce work & Ruffle with Vayring and blouse on also soft net febric with inner (Blue)","Saree..1","Free Size","1","1444.0","1444.0"
"CANCELLED","938768197643_1","2022-08-06","West Bengal"," PARTY WEAR LOOK HEAVY EMBROIDERY AND 5mm SEQUINS WORK GOWN WITH DUPATTA ","Hk1408b","Free Size","1","1350.0","1350.0"
"DELIVERED","765111140935_1","2022-08-06","West Bengal","Heavy Soft Butterfly Net With Rose Flower Pattern Ribin Work With Rivet Moti Work With Sleeve gown with duppata","Ad 021","XXL","1","1300.0","1300.0"
"DELIVERED","673557263786_1","2022-08-06","Madhya Pradesh","Beautiful heavy embroidery sequence work top sharara with dupatta ","Dhk 1096","XL","1","2000.0","2000.0"
"DELIVERED","520950302337_1","2022-08-06","Telangana"," PARTY WEAR LOOK HEAVY EMBROIDERY AND 5mm SEQUINS WORK GOWN WITH DUPATTA ","hk 1408","Free Size","1","1350.0","1350.0"
"CANCELLED","426408564759_1","2022-08-06","Jammu & Kashmir","FIVESTAR Designer Suit On Havy Gorgette febric with 9MM sequnce work and sharara on Gorgette febric with 9MM Sequnce work and Dupatta on also Gorgette Febric with 9MM Sequnce work (BLACK)","1101 black","Semi Stitched","1","1749.0","1749.0"
"CANCELLED","130383665484_1","2022-08-07","Telangana"," PARTY WEAR LOOK HEAVY EMBROIDERY AND 5mm SEQUINS WORK GOWN WITH DUPATTA ","hk 1408","Free Size","1","1350.0","1350.0"
"DELIVERED","768837658082_1","2022-08-07","Madhya Pradesh","top & bottom set","akshar 1090","M","1","1368.0","1368.0"
"CANCELLED","605642620102_1","2022-08-07","Madhya Pradesh"," PARTY WEAR LOOK HEAVY EMBROIDERY AND 5mm SEQUINS WORK GOWN WITH DUPATTA ","Hk1408b","Free Size","1","1311.0","1311.0"
"CANCELLED","570185609650_1","2022-08-07","Madhya Pradesh"," PARTY WEAR LOOK HEAVY EMBROIDERY AND 5mm SEQUINS WORK GOWN WITH DUPATTA ","Hk1408b","Free Size","1","1311.0","1311.0"
"DELIVERED","507304078237_1","2022-08-07","Madhya Pradesh"," PARTY WEAR LOOK HEAVY EMBROIDERY AND 5mm SEQUINS WORK GOWN WITH DUPATTA ","Hk1408b","Free Size","1","1311.0","1311.0"
"DELIVERED","1688345391_1","2022-08-07","Arunachal Pradesh"," PARTY WEAR LOOK HEAVY EMBROIDERY AND 5mm SEQUINS WORK GOWN WITH DUPATTA ","Hk 1408a","Free Size","1","1350.0","1350.0"
"CANCELLED","677211623652_1","2022-08-07","Himachal Pradesh","Stylish designer digital printed work lehenga choli with duppata ","932291795","Semi Stitched","1","1500.0","1500.0"
"DELIVERED","436163379734_1","2022-08-07","MAHARASHTRA","Heavy Pure Super Slub Cotton With Embroidery Work With Balloon Sleeve With Attached Belt  Dresses ","Ad020","XXL","1","1000.0","1000.0"
"CANCELLED","363376800481_1","2022-08-08","West Bengal","Heavy Soft Butterfly Net With Rose Flower Pattern Ribin Work With Rivet Moti Work With Sleeve gown with duppata","Ad 021","XXL","1","1300.0","1300.0"
"CANCELLED","429553639148_1","2022-08-08","Uttar Pradesh"," PARTY WEAR BEAUTIFUL LOOK FANCY EMBROIDERY AND 5mm SEQUENCE WORK GOWN WITH DUPATTA ","hk 1446","Free Size","1","1600.0","1600.0"
"CANCELLED","748959635571_1","2022-08-08","West Bengal"," PARTY WEAR LOOK HEAVY EMBROIDERY AND 5mm SEQUINS WORK GOWN WITH DUPATTA ","hk 1408","Free Size","1","1350.0","1350.0"
"RTO_COMPLETE","545646779706_1","2022-08-08","Andhra Pradesh"," PARTY WEAR LOOK HEAVY EMBROIDERY AND 5mm SEQUINS WORK GOWN WITH DUPATTA ","Hk1408b","Free Size","1","1350.0","1350.0"
"DELIVERED","572323669372_1","2022-08-08","West Bengal"," PARTY WEAR LOOK HEAVY EMBROIDERY AND 5mm SEQUINS WORK GOWN WITH DUPATTA ","hk 1408","Free Size","1","1350.0","1350.0"
"DELIVERED","403153127441_1","2022-08-08","Uttar Pradesh","FIVESTAR Designer Suit On Havy Gorgette febric with 9MM sequnce work and sharara on Gorgette febric with 9MM Sequnce work and Dupatta on also Gorgette Febric with 9MM Sequnce work (BLACK)","1101 black","Semi Stitched","1","1749.0","1749.0"
"DELIVERED","264002870509_1","2022-08-09","Gujarat","Dupatta set with bottom and duppata ","190","L","1","618.0","618.0"
"DELIVERED","849870909835_1","2022-08-09","Uttarakhand"," PARTY WEAR LOOK HEAVY EMBROIDERY AND 5mm SEQUINS WORK GOWN WITH DUPATTA ","Hk 1408a","Free Size","1","1350.0","1350.0"
"DELIVERED","284641390076_1","2022-08-09","Maharashtra"," PARTY WEAR LOOK HEAVY EMBROIDERY AND 5mm SEQUINS WORK GOWN WITH DUPATTA ","Hk1408b","Free Size","1","1350.0","1350.0"
"DELIVERED","803134095214_1","2022-08-09","Tamil Nadu","Desigener Party Wear Look New Top With Lehengha With Heavy Embroidery Sequence Work","dv1IKTGh","Free Size","1","1499.0","1499.0"
"DELIVERED","546528163157_1","2022-08-09","Telangana"," PARTY WEAR LOOK HEAVY EMBROIDERY AND 5mm SEQUINS WORK GOWN WITH DUPATTA ","Hk1408b","Free Size","1","1350.0","1350.0"
"CANCELLED","772604862058_1","2022-08-10","Assam"," PARTY WEAR LOOK HEAVY EMBROIDERY AND 5mm SEQUINS WORK GOWN WITH DUPATTA ","Hk 1408a","Free Size","1","1350.0","1350.0"
"RTO_LOCKED","940712900368_1","2022-08-10","Uttar Pradesh","Fancy embroidery sequence work gown with dupatta ","Dhk1094","XL","1","1461.0","1461.0"
"DELIVERED","239488734703_1","2022-08-10","Karnataka"," PARTY WEAR LOOK HEAVY EMBROIDERY AND 5mm SEQUINS WORK GOWN WITH DUPATTA ","Hk 1408a","Free Size","1","1350.0","1350.0"
"DELIVERED","851847662041_1","2022-08-10","Maharashtra"," PARTY WEAR LOOK HEAVY EMBROIDERY AND 5mm SEQUINS WORK GOWN WITH DUPATTA ","hk 1408","Free Size","1","1350.0","1350.0"
"DELIVERED","675841565482_1","2022-08-10","Odisha","top & bottom set","akshar 1090","M","1","1368.0","1368.0"
"RTO_COMPLETE","312073496064_1","2022-08-11","Telangana","Fancy look beautiful embroidery work kurti bottom with duppata","Hk 1454","XXL","1","1400.0","1400.0"
"RTO_COMPLETE","574899849229_1","2022-08-11","Tamil Nadu"," PARTY WEAR LOOK HEAVY EMBROIDERY AND 5mm SEQUINS WORK GOWN WITH DUPATTA ","hk 1408","Free Size","1","1350.0","1350.0"
"RTO_COMPLETE","114775122169_1","2022-08-11","Andhra Pradesh","top & bottom set","akshar 1090","XL","1","1368.0","1368.0"
"CANCELLED","387624086840_1","2022-08-11","Tamil Nadu"," PARTY WEAR LOOK HEAVY EMBROIDERY AND 5mm SEQUINS WORK GOWN WITH DUPATTA ","Hk1408b","Free Size","1","1350.0","1350.0"
"DELIVERED","444981584080_1","2022-08-12","Tamil Nadu"," PARTY WEAR LOOK HEAVY EMBROIDERY AND 5mm SEQUINS WORK GOWN WITH DUPATTA ","Hk1408b","Free Size","1","1350.0","1350.0"
"DELIVERED","301578067962_1","2022-08-12","Kerala"," PARTY WEAR LOOK HEAVY EMBROIDERY AND 5mm SEQUINS WORK GOWN WITH DUPATTA ","hk 1408","Free Size","1","1350.0","1350.0"
"DELIVERED","747803875668_1","2022-08-12","West Bengal"," PARTY WEAR LOOK HEAVY EMBROIDERY AND 5mm SEQUINS WORK GOWN WITH DUPATTA ","hk 1408","Free Size","1","1350.0","1350.0"
"DELIVERED","231138984607_1","2022-08-13","Tamil Nadu"," PARTY WEAR LOOK HEAVY EMBROIDERY AND 5mm SEQUINS WORK GOWN WITH DUPATTA ","Hk1408b","Free Size","1","1350.0","1350.0"
"CANCELLED","534942511093_1","2022-08-13","Kerala","Fancy designer  wear kirti","234","M","1","300.0","300.0"
"DELIVERED","755146728346_1","2022-08-13","Uttar Pradesh"," PARTY WEAR LOOK HEAVY EMBROIDERY AND 5mm SEQUINS WORK GOWN WITH DUPATTA ","Hk avdh","Free Size","1","1350.0","1350.0"
"DELIVERED","115964435613_1","2022-08-13","Jammu & Kashmir"," PARTY WEAR LOOK HEAVY EMBROIDERY AND 5mm SEQUINS WORK GOWN WITH DUPATTA ","Hk avdh","Free Size","1","1311.0","1311.0"
"CANCELLED","323608154730_1","2022-08-13","Orissa","FIVESTAR beautiful Designer Suit On Havy Gorgette febric with inner on 9 MM Sequance work and Palazoo on Gorgette febric with inner on 9 MM Sequance work and dupatta on also Gorgette febric on 9 MM Sequance work","5400 maroon","Semi Stitched","1","1999.0","1999.0"
"DELIVERED","641300392975_1","2022-08-13","odisha"," PARTY WEAR LOOK HEAVY EMBROIDERY AND 5mm SEQUINS WORK GOWN WITH DUPATTA ","Hk 1408a","Free Size","1","1350.0","1350.0"
"RTO_COMPLETE","803963214519_1","2022-08-13","Delhi","Fancy look beautiful embroidery work kurti bottom with duppata","Hk 1454","XXL","1","1400.0","1400.0"
"DELIVERED","248244279818_1","2022-08-13","Gujarat","Fancy look beautiful embroidery work kurti bottom with duppata","Hk 1454","XXL","1","1400.0","1400.0"
"CANCELLED","426590723490_1","2022-08-14","Uttar Pradesh"," PARTY WEAR LOOK HEAVY EMBROIDERY AND 5mm SEQUINS WORK GOWN WITH DUPATTA ","Hk1408b","Free Size","1","1350.0","1350.0"
"CANCELLED","263871865116_1","2022-08-14","Uttar Pradesh"," PARTY WEAR LOOK HEAVY EMBROIDERY AND 5mm SEQUINS WORK GOWN WITH DUPATTA ","Hk1408b","Free Size","1","1350.0","1350.0"
"CANCELLED","520331241821_1","2022-08-14","Uttar Pradesh"," PARTY WEAR LOOK HEAVY EMBROIDERY AND 5mm SEQUINS WORK GOWN WITH DUPATTA ","Hk1408b","Free Size","5","1350.0","1350.0"
"CANCELLED","884057591159_1","2022-08-14","Uttar Pradesh"," PARTY WEAR LOOK HEAVY EMBROIDERY AND 5mm SEQUINS WORK GOWN WITH DUPATTA ","Hk1408b","Free Size","1","1350.0","1350.0"
"CANCELLED","593818076639_1","2022-08-14","Bihar","top & bottom set","akshar 1090","XXL","1","1368.0","1368.0"
"CANCELLED","400915987718_1","2022-08-14","Uttar Pradesh"," PARTY WEAR LOOK HEAVY EMBROIDERY AND 5mm SEQUINS WORK GOWN WITH DUPATTA ","Hk1408b","Free Size","5","1350.0","1350.0"
"DELIVERED","315389638702_1","2022-08-14","Tamil Nadu","Kurta Sets ","45678","XXL","1","500.0","500.0"
"RTO_COMPLETE","395369627755_1","2022-08-14","Andhra Pradesh"," PARTY WEAR LOOK HEAVY EMBROIDERY AND 5mm SEQUINS WORK GOWN WITH DUPATTA ","hk 1408","Free Size","1","1350.0","1350.0"
"DELIVERED","473722759765_1","2022-08-14","Tamil Nadu"," PARTY WEAR LOOK HEAVY EMBROIDERY AND 5mm SEQUINS WORK GOWN WITH DUPATTA ","hk 1408","Free Size","1","1350.0","1350.0"
"CANCELLED","624275479819_1","2022-08-14","Nehru.   Colony.","top & bottom set","akshar 1090","M","1","1400.0","1400.0"
"DELIVERED","912010011757_1","2022-08-15","State Bank Of India"," PARTY WEAR LOOK HEAVY EMBROIDERY AND 5mm SEQUINS WORK GOWN WITH DUPATTA ","Hk1408b","Free Size","1","1350.0","1350.0"
"RTO_COMPLETE","486842794529_1","2022-08-15","Delhi","FIVESTAR beautiful Designer Suit On Havy Gorgette febric with inner on 9 MM Sequance work and Palazoo on Gorgette febric with inner on 9 MM Sequance work and dupatta on also Gorgette febric on 9 MM Sequance work","5400 lavender","Semi Stitched","1","1999.0","1999.0"
"CANCELLED","998981302653_1","2022-08-15","Uttar Pradesh","Heavy faux georgette with embroidery work with moti latkan border with sleev  Dupatta Sets ","Ad 009 a","XL","1","1500.0","1500.0"
"DELIVERED","704165208295_1","2022-08-15","Kerala"," PARTY WEAR LOOK HEAVY EMBROIDERY AND 5mm SEQUINS WORK GOWN WITH DUPATTA ","Hk 1408a","Free Size","1","1350.0","1350.0"
"DELIVERED","974991026344_1","2022-08-15","Delhi","Fancy look beautiful embroidery work kurti bottom with duppata","Hk 1454","XXL","1","1400.0","1400.0"
"DELIVERED","346130315989_1","2022-08-15","Andhra Pradesh"," PARTY WEAR LOOK HEAVY EMBROIDERY AND 5mm SEQUINS WORK GOWN WITH DUPATTA ","Hk1408b","Free Size","1","1350.0","1350.0"
"DELIVERED","756746970573_1","2022-08-15","Tamil Nadu"," PARTY WEAR LOOK HEAVY EMBROIDERY AND 5mm SEQUINS WORK GOWN WITH DUPATTA ","Hk1408b","Free Size","1","1350.0","1350.0"
"DELIVERED","313984293646_1","2022-08-15","West Bengal","Heavy faux georgette with embroidery work with moti latkan border with sleev  Dupatta Sets ","Ad 009 a","XXL","1","1500.0","1500.0"
"DELIVERED","354258590368_1","2022-08-15","Assam"," PARTY WEAR LOOK HEAVY EMBROIDERY AND 5mm SEQUINS WORK GOWN WITH DUPATTA ","Hk1408b","Free Size","1","1350.0","1350.0"
"CANCELLED","116898224563_1","2022-08-16","Rajasthan","FIVESTAR beautiful Designer Suit On Havy Gorgette febric with inner on 9 MM Sequance work and Palazoo on Gorgette febric with inner on 9 MM Sequance work and dupatta on also Gorgette febric on 9 MM Sequance work","5400 blue","Semi Stitched","1","1999.0","1999.0"
"DELIVERED","702473758487_1","2022-08-16","Rajasthan","FIVESTAR beautiful Designer Suit On Havy Gorgette febric with inner on 9 MM Sequance work and Palazoo on Gorgette febric with inner on 9 MM Sequance work and dupatta on also Gorgette febric on 9 MM Sequance work","5400 white","Semi Stitched","1","1999.0","1999.0"
"CANCELLED","185684610641_1","2022-08-16","Odisha"," PARTY WEAR LOOK HEAVY EMBROIDERY AND 5mm SEQUINS WORK GOWN WITH DUPATTA ","Hk1408b","Free Size","1","1350.0","1350.0"
"DELIVERED","823942308881_1","2022-08-16","Odisha"," PARTY WEAR LOOK HEAVY EMBROIDERY AND 5mm SEQUINS WORK GOWN WITH DUPATTA ","Hk1408b","Free Size","1","1350.0","1350.0"
"CANCELLED","605356661364_1","2022-08-17","Telangana","FIVESTAR beautiful Designer Suit On Havy Gorgette febric with inner on 9 MM Sequance work and Palazoo on Gorgette febric with inner on 9 MM Sequance work and dupatta on also Gorgette febric on 9 MM Sequance work","5400 maroon","Semi Stitched","1","1999.0","1999.0"
"CANCELLED","137241552481_1","2022-08-18","west Bangol","FIVESTAR beautiful Designer Saree on premium Soft Net fabric with Sequence and Embroidery work and blouse on Velvet fabric with Sequence and Embroidery work","323","Free Size","1","1399.0","1399.0"
"CANCELLED","107182927963_1","2022-08-18","Odisha"," PARTY WEAR LOOK HEAVY EMBROIDERY AND 5mm SEQUINS WORK GOWN WITH DUPATTA ","Hk1408b","Free Size","1","1311.0","1311.0"
"DELIVERED","133620476043_1","2022-08-18","Uttar Pradesh"," PARTY WEAR LOOK HEAVY EMBROIDERY AND 5mm SEQUINS WORK GOWN WITH DUPATTA ","Hk 1408a","Free Size","1","1350.0","1350.0"
"DELIVERED","537121032423_1","2022-08-18","Assam","FLORAL PRINT IN FOX GEORGETTE REAL MIRROR WORK GOWNS WITH DUPATTA","kb 194","XXL","1","1561.0","1561.0"
"RTO_COMPLETE","668655545003_1","2022-08-18","Andhra Pradesh"," PARTY WEAR LOOK HEAVY EMBROIDERY AND 5mm SEQUINS WORK GOWN WITH DUPATTA ","Hk 1408a","Free Size","1","1350.0","1350.0"
"CANCELLED","733339429166_1","2022-08-19","Assam","FIVESTAR Designer Suit On Havy Gorgette febric with 9MM sequnce work and sharara on Gorgette febric with 9MM Sequnce work and Dupatta on also Gorgette Febric with 9MM Sequnce work (BLACK)","1101 black","Semi Stitched","1","1749.0","1749.0"
"DELIVERED","115964435613_1","2022-08-19","Jammu & Kashmir"," PARTY WEAR LOOK HEAVY EMBROIDERY AND 5mm SEQUINS WORK GOWN WITH DUPATTA ","Hk avdh","Free Size","1","1311.0","1311.0"
"CANCELLED","381353679397_1","2022-08-19","Up ","FIVESTAR Beautiful Designer Women Gorgette Plazo with Banglory silk Blouse and Gorgette duppata","5425 black","Semi Stitched","1","1599.0","1599.0"
"DELIVERED","684818289255_1","2022-08-19","Tamil Nadu"," PARTY WEAR LOOK HEAVY EMBROIDERY AND 5mm SEQUINS WORK GOWN WITH DUPATTA ","Hk1408b","Free Size","1","1350.0","1350.0"
"CANCELLED","269627385202_1","2022-08-19","Up ","FIVESTAR Beautiful Designer Women Gorgette Plazo with Banglory silk Blouse and Gorgette duppata","5425 pink","Semi Stitched","1","1599.0","1599.0"
"DELIVERED","882312666682_1","2022-08-20","Uttar Pradesh","FIVESTAR beautiful Designer Saree on premium Soft Net fabric with Sequence and Embroidery work and blouse on Velvet fabric with Sequence and Embroidery work","323","Free Size","1","1399.0","1399.0"
"DELIVERED","704814497883_1","2022-08-20","Bihar","top & bottom set","akshar 1090","XL","1","1400.0","1400.0"
"CANCELLED","137922314316_1","2022-08-20","Uttar Pradesh"," PARTY WEAR LOOK HEAVY EMBROIDERY AND 5mm SEQUINS WORK GOWN WITH DUPATTA ","hk 1408","Free Size","1","1350.0","1350.0"
"DELIVERED","150003921805_1","2022-08-20","Up ","FIVESTAR Beautiful Designer Women Gorgette Plazo with Banglory silk Blouse and Gorgette duppata","5425 pink","Semi Stitched","1","1599.0","1599.0"
"CANCELLED","918609782308_1","2022-08-20","Haryana"," PARTY WEAR LOOK HEAVY EMBROIDERY AND 5mm SEQUINS WORK GOWN WITH DUPATTA ","hk 1408","Free Size","1","1350.0","1350.0"
"DELIVERED","145765249861_1","2022-08-21","Maharashtra","FIVESTAR Designer Women Suit On havy Organza silk febric with Thred with Sequnce work and pent on also organza silk febric with inner and Dupatta also on organza silk febric with Thred work and less work","1091","Free Size","1","1399.0","1399.0"
"CANCELLED","523165022965_1","2022-08-21","Tamil Nadu"," PARTY WEAR LOOK HEAVY EMBROIDERY AND 5mm SEQUINS WORK GOWN WITH DUPATTA ","Hk1408b","Free Size","1","1350.0","1350.0"
"DELIVERED","236795271202_1","2022-08-21","Others"," PARTY WEAR LOOK HEAVY EMBROIDERY AND 5mm SEQUINS WORK GOWN WITH DUPATTA ","Hk1408b","Free Size","1","1350.0","1350.0"
"RTO_COMPLETE","704133639877_1","2022-08-21","Kerala","Beautiful maska cotton kurta set with muslin cotton duppata and pant","Kb 196 b","L","1","1400.0","1400.0"
"DELIVERED","643537959075_1","2022-08-21","Punjab"," PARTY WEAR LOOK HEAVY EMBROIDERY AND 5mm SEQUINS WORK GOWN WITH DUPATTA ","Hk avdh","Free Size","1","1350.0","1350.0"
"CANCELLED","887032986289_1","2022-08-21","Punjab"," PARTY WEAR LOOK HEAVY EMBROIDERY AND 5mm SEQUINS WORK GOWN WITH DUPATTA ","Hk avdh","Free Size","1","1350.0","1350.0"
"CANCELLED","121951310020_1","2022-08-21","Jammu & Kashmir","FIVESTAR beautiful Designer Suit On Havy Gorgette febric with inner on 9 MM Sequance work and Palazoo on Gorgette febric with inner on 9 MM Sequance work and dupatta on also Gorgette febric on 9 MM Sequance work","5400 white","Semi Stitched","1","1999.0","1999.0"
"DELIVERED","402972493507_1","2022-08-21","Telangana"," PARTY WEAR LOOK HEAVY EMBROIDERY AND 5mm SEQUINS WORK GOWN WITH DUPATTA ","hk 1408","Free Size","1","1350.0","1350.0"
"DELIVERED","555207008312_1","2022-08-21","Gujarat","top & bottom set","akshar 1090","M","1","1400.0","1400.0"
"CANCELLED","270994880886_1","2022-08-22","Haryana","FIVESTAR beautiful Designer Suit On Havy Gorgette febric with inner on 9 MM Sequance work and Palazoo on Gorgette febric with inner on 9 MM Sequance work and dupatta on also Gorgette febric on 9 MM Sequance work","5400 skyblue","Semi Stitched","1","1999.0","1999.0"
"DELIVERED","437167650973_1","2022-08-22","Odisha","Dupatta Sets","Hk1436","XXL","1","1400.0","1400.0"
"DELIVERED","458878633167_1","2022-08-22","Punjab","FIVESTAR Bridal Wedding Gorgette Lehengha with soft net Dupata","6320","Semi Stitched","1","1949.0","1949.0"
"DELIVERED","261601009640_1","2022-08-22","Odisha","top & bottom set","akshar 1090","L","1","1400.0","1400.0"
"CANCELLED","453722335864_1","2022-08-22","Chhattisgarh","Beautiful maska cotton kurta set with muslin cotton duppata and pant","Kb 196 b","M","1","1400.0","1400.0"
"RTO_COMPLETE","296540364861_1","2022-08-22","seoni"," PARTY WEAR LOOK HEAVY EMBROIDERY AND 5mm SEQUINS WORK GOWN WITH DUPATTA ","hk 1408","Free Size","1","1311.0","1311.0"
"DELIVERED","189410351427_1","2022-08-22","Maharashtra","Kurta Sets ","45678","L","1","500.0","500.0"
"DELIVERED","384931415630_1","2022-08-22","West Bengal ","FIVESTAR Designer Suit On Havy Gorgette febric with 9MM sequnce work and sharara on Gorgette febric with 9MM Sequnce work and Dupatta on also Gorgette Febric with 9MM Sequnce work (BLUE)","1101 blue","Semi Stitched","1","1749.0","1749.0"
"DELIVERED","923462757835_1","2022-08-22","punjab","FIVESTAR beautiful Designer Suit On Havy Gorgette febric with inner on 9 MM Sequance work and Palazoo on Gorgette febric with inner on 9 MM Sequance work and dupatta on also Gorgette febric on 9 MM Sequance work","5400 blue","Semi Stitched","1","1999.0","1999.0"
"DELIVERED","848334441754_1","2022-08-22","Punjab","FIVESTAR beautiful Designer Suit On Havy Gorgette febric with inner on 9 MM Sequance work and Palazoo on Gorgette febric with inner on 9 MM Sequance work and dupatta on also Gorgette febric on 9 MM Sequance work","5400 skyblue","Semi Stitched","1","1999.0","1999.0"
"RTO_COMPLETE","748208976472_1","2022-08-23","Jammu & Kashmir","Kalamkari print full flair narkali sut set","Kb 198","M","1","1400.0","1400.0"
"RTO_COMPLETE","933916764856_1","2022-08-23","Chandigarh","FIVESTAR wedding special occasions Lehengha choli with Dupata","6302 green","Semi Stitched","1","2299.0","2299.0"
"CANCELLED","623328510051_1","2022-08-23","Bihar"," PARTY WEAR LOOK HEAVY EMBROIDERY AND 5mm SEQUINS WORK GOWN WITH DUPATTA ","hk 1408","Free Size","1","1350.0","1350.0"
"DELIVERED","426207937376_1","2022-08-23","Odisha","top & bottom set","akshar 1090","M","1","1400.0","1400.0"
"DELIVERED","295645979015_1","2022-08-24","Tamil Nadu","Kalamkari print full flair narkali sut set","Kb 198","M","1","1400.0","1400.0"
"DELIVERED","736602256273_1","2022-08-24","Gujarat","Stylish designer digital printed work lehenga choli with duppata ","921837737","Semi Stitched","1","1500.0","1500.0"
"DELIVERED","736602256273_2","2022-08-24","Gujarat","Stylish designer digital printed work lehenga choli with duppata ","932291795","Semi Stitched","1","1500.0","1500.0"
"DELIVERED","188317821806_1","2022-08-25","Telangana","Fancy look beautiful embroidery work kurti bottom with duppata","Hk 1454","XXL","1","1368.0","1368.0"
"DELIVERED","640125783153_1","2022-08-25","Gujarat","Stylish designer digital printed work lehenga choli with duppata ","Dhk 1100","Semi Stitched","1","1500.0","1500.0"
"CANCELLED","383743812322_1","2022-08-25","Jharkhand","Fancy look beautiful embroidery work kurti bottom with duppata","Hk 1454","XL","1","1400.0","1400.0"
"DELIVERED","313945993871_1","2022-08-25","Rajasthan","FIVE STAR Hair Straightener Comb for Women & Men, Hair Styler, Straightener Machine Brush/PTC Heating Electric Straightener with 5 Temperature Control Hair Straightener","Uk8ndIGZ","Free Size","1","414.0","414.0"
"DELIVERED","715638312753_1","2022-08-25","Jammu & Kashmir","FIVE STAR Hair Straightener Comb for Women & Men, Hair Styler, Straightener Machine Brush/PTC Heating Electric Straightener with 5 Temperature Control Hair Straightener","Uk8ndIGZ","Free Size","1","429.0","429.0"
"DELIVERED","263636176870_1","2022-08-25","Rajasthan","top & bottom set","akshar 1090","M","1","1400.0","1400.0"
"DELIVERED","139089555643_1","2022-08-25","Karnataka","FIVE STAR Hair Straightener Comb for Women & Men, Hair Styler, Straightener Machine Brush/PTC Heating Electric Straightener with 5 Temperature Control Hair Straightener","Uk8ndIGZ","Free Size","1","429.0","429.0"
"RTO_COMPLETE","120234205854_1","2022-08-25","Kerala","FIVE STAR Hair Straightener Comb for Women & Men, Hair Styler, Straightener Machine Brush/PTC Heating Electric Straightener with 5 Temperature Control Hair Straightener","Uk8ndIGZ","Free Size","1","429.0","429.0"
"DELIVERED","105706412059_1","2022-08-25","Maharashtra","top & bottom set","akshar 1090","M","1","1400.0","1400.0"
"RTO_LOCKED","269083456798_1","2022-08-25","Goa","FIVE STAR Hair Straightener Comb for Women & Men, Hair Styler, Straightener Machine Brush/PTC Heating Electric Straightener with 5 Temperature Control Hair Straightener","Uk8ndIGZ","Free Size","1","429.0","429.0"
"CANCELLED","398702250845_1","2022-08-25","Rajasthan","FIVE STAR Hair Straightener Comb for Women & Men, Hair Styler, Straightener Machine Brush/PTC Heating Electric Straightener with 5 Temperature Control Hair Straightener","Uk8ndIGZ","Free Size","1","414.0","414.0"
"CANCELLED","516987346340_1","2022-08-25","Jammu & Kashmir","FIVE STAR Hair Straightener Comb for Women & Men, Hair Styler, Straightener Machine Brush/PTC Heating Electric Straightener with 5 Temperature Control Hair Straightener","Uk8ndIGZ","Free Size","1","429.0","429.0"
"RTO_LOCKED","717389427083_1","2022-08-25","Kerala","FIVE STAR Hair Straightener Comb for Women & Men, Hair Styler, Straightener Machine Brush/PTC Heating Electric Straightener with 5 Temperature Control Hair Straightener","Uk8ndIGZ","Free Size","1","429.0","429.0"
"DELIVERED","590792915541_1","2022-08-25","Uttar Pradesh","FIVE STAR Hair Straightener Comb for Women & Men, Hair Styler, Straightener Machine Brush/PTC Heating Electric Straightener with 5 Temperature Control Hair Straightener","Uk8ndIGZ","Free Size","1","429.0","429.0"
"DELIVERED","542703544972_1","2022-08-25","Himachal Pradesh","FIVE STAR Hair Straightener Comb for Women & Men, Hair Styler, Straightener Machine Brush/PTC Heating Electric Straightener with 5 Temperature Control Hair Straightener","Uk8ndIGZ","Free Size","1","414.0","414.0"
"RTO_COMPLETE","296605193297_1","2022-08-25","Telangana","FIVE STAR Hair Straightener Comb for Women & Men, Hair Styler, Straightener Machine Brush/PTC Heating Electric Straightener with 5 Temperature Control Hair Straightener","Uk8ndIGZ","Free Size","1","414.0","414.0"
"DELIVERED","963799194113_1","2022-08-25","Uttar Pradesh","FIVE STAR Hair Straightener Comb for Women & Men, Hair Styler, Straightener Machine Brush/PTC Heating Electric Straightener with 5 Temperature Control Hair Straightener","Uk8ndIGZ","Free Size","1","429.0","429.0"
"RTO_COMPLETE","118121582107_1","2022-08-26","Mumbai","FIVE STAR Hair Straightener Comb for Women & Men, Hair Styler, Straightener Machine Brush/PTC Heating Electric Straightener with 5 Temperature Control Hair Straightener","Uk8ndIGZ","Free Size","1","429.0","429.0"
"DELIVERED","928726855752_1","2022-08-26","Madhya Pradesh","FIVESTAR beautiful Designer Suit On Havy Gorgette febric with inner on 9 MM Sequance work and Palazoo on Gorgette febric with inner on 9 MM Sequance work and dupatta on also Gorgette febric on 9 MM Sequance work","5400 lavender","Semi Stitched","1","1999.0","1999.0"
"CANCELLED","621670207763_1","2022-08-26","West Bengal","FIVE STAR Hair Straightener Comb for Women & Men, Hair Styler, Straightener Machine Brush/PTC Heating Electric Straightener with 5 Temperature Control Hair Straightener","Uk8ndIGZ","Free Size","1","429.0","429.0"
"DELIVERED","583140288760_1","2022-08-26","West Bengal","top & bottom set","akshar 1090","XL","1","1400.0","1400.0"
"DELIVERED","498649084066_1","2022-08-26","Kerala"," Georgette Silk Saree With Complete Heavy Sequence N Coding Multi Work N Banglori Silk Blouse","1265610464","Free Size","1","1500.0","1500.0"
"RTO_COMPLETE","485706928032_1","2022-08-26","Andhra Pradesh","FIVE STAR Hair Straightener Comb for Women & Men, Hair Styler, Straightener Machine Brush/PTC Heating Electric Straightener with 5 Temperature Control Hair Straightener","Uk8ndIGZ","Free Size","1","414.0","414.0"
"DELIVERED","431854237562_1","2022-08-26","Punjab","Kurta Sets ","45678","XXXL","1","500.0","500.0"
"DELIVERED","874997211089_1","2022-08-27","Others","top & bottom set","akshar 1090","XL","1","1400.0","1400.0"
"CANCELLED","302103837288_1","2022-08-27","Andhra Pradesh","top & bottom set","akshar 1090","XXL","1","1400.0","1400.0"
"DELIVERED","265339595628_1","2022-08-27","Gujarat","Kurta Sets ","45678","M","1","468.0","468.0"
"DELIVERED","707632123402_1","2022-08-27","Karnataka","Kurta Sets ","95124932","XL","1","468.0","468.0"
"DELIVERED","237419587792_1","2022-08-27","Gujarat","Kurta Sets ","45678","M","1","468.0","468.0"
"CANCELLED","898495702259_1","2022-08-27","Tamil Nadu","Fancy embroidery sequence work gown with dupatta ","Dhk1094","XL","1","1461.0","1461.0"
"CANCELLED","475133679575_1","2022-08-27","Jammu & Kashmir","FIVESTAR Bridal Wedding Gorgette Lehengha with soft net Dupata","6320","Semi Stitched","1","1910.0","1910.0"
"DELIVERED","294779117929_1","2022-08-27","Kerala","FIVE STAR Hair Straightener Comb for Women & Men, Hair Styler, Straightener Machine Brush/PTC Heating Electric Straightener with 5 Temperature Control Hair Straightener","Uk8ndIGZ","Free Size","1","429.0","429.0"
"DELIVERED","740854251861_1","2022-08-27","Chhattisgarh","Fancy look beautiful embroidery work kurti bottom with duppata","Hk 1454","XXL","1","1400.0","1344.0"
"CANCELLED","799024162777_1","2022-08-28","West Bengal","Beautiful pure lakhnovi long kurta embroidery cotton thread work,sequence work ,flair plazoo and duppata","Kb 201","XXL","1","1500.0","1500.0"
"CANCELLED","740916316710_1","2022-08-28","Bihar","top & bottom set","akshar 1090","L","1","1400.0","1400.0"
"DELIVERED","397474434265_1","2022-08-28","Rajasthan","FIVE STAR Hair Straightener Comb for Women & Men, Hair Styler, Straightener Machine Brush/PTC Heating Electric Straightener with 5 Temperature Control Hair Straightener","Uk8ndIGZ","Free Size","1","414.0","414.0"
"CANCELLED","687987764507_1","2022-08-28","Delhi","Kurta Sets ","45678","M","1","500.0","500.0"
"CANCELLED","277771506559_1","2022-08-28","Bihar","top & bottom set","akshar 1090","XL","1","1400.0","1400.0"
"DELIVERED","828865464829_1","2022-08-28","West Bengal","top & bottom set","akshar 1090","L","1","1400.0","1400.0"
"CANCELLED","855547223698_1","2022-08-28","Bihar","Fancy look beautiful embroidery work kurti bottom with duppata","Hk 1454","XXL","1","1400.0","1344.0"
"DELIVERED","810704930357_1","2022-08-28","Jammu & Kashmir","Stylish navratri wear gown","Hk1464","XXL","1","1500.0","1350.0"
"DELIVERED","349165630963_1","2022-08-28","Uttarakhand","FIVE STAR Hair Straightener Comb for Women & Men, Hair Styler, Straightener Machine Brush/PTC Heating Electric Straightener with 5 Temperature Control Hair Straightener","Uk8ndIGZ","Free Size","1","429.0","429.0"
"DELIVERED","533392281431_1","2022-08-28","Odisha","top & bottom set","akshar 1090","L","1","1400.0","1400.0"
"DELIVERED","676702704307_1","2022-08-28","Bihar","top & bottom set","akshar 1090","XXL","1","1400.0","1400.0"
"CANCELLED","817910898905_1","2022-08-28","Bihar","top & bottom set","akshar 1090","L","1","1400.0","1400.0"
"DELIVERED","654530604117_1","2022-08-28","Odisha","Heavy Soft Butterfly Net With Rose Flower Pattern Ribin Work With Rivet Moti Work With Sleeve gown with duppata","Ad 021","XL","1","1300.0","1300.0"
"CANCELLED","952025308658_1","2022-08-28","Andaman and Nicobar Islands","top & bottom set","akshar 1090","XXL","1","1400.0","1400.0"
"RTO_COMPLETE","543476848618_1","2022-08-28","Maharashtra","top & bottom set","akshar 1090","M","1","1368.0","1368.0"
"CANCELLED","929601676893_1","2022-08-28","Maharashtra","Stylish navratri wear gown","Hk1464","XXL","1","1500.0","1350.0"
"CANCELLED","878338919487_1","2022-08-29","Jharkhand","Dupatta Sets","Hk1436","XL","1","1400.0","1400.0"
"DELIVERED","755828660648_1","2022-08-29","Kerala","FIVE STAR Hair Straightener Comb for Women & Men, Hair Styler, Straightener Machine Brush/PTC Heating Electric Straightener with 5 Temperature Control Hair Straightener","Uk8ndIGZ","Free Size","1","429.0","429.0"
"RTO_COMPLETE","781373357372_1","2022-08-29","Bihar","Heavy Soft Butterfly Net With Rose Flower Pattern Ribin Work With Rivet Moti Work With Sleeve gown with duppata","Ad 021","XL","1","1261.0","1261.0"
"CANCELLED","555002867665_1","2022-08-29","Rajasthan","Stylish designer digital printed work lehenga choli with duppata ","1502318399","Semi Stitched","1","1500.0","1500.0"
"RTO_COMPLETE","703072596386_1","2022-08-29","Uttar Pradesh","Fancy organza dress with kamar belt and hairbelt","Kd1166","M","1","1184.0","1184.0"
"DELIVERED","460748174495_1","2022-08-30","Uttar Pradesh","top & bottom set","akshar 1090","M","1","1400.0","1400.0"
"RTO_COMPLETE","355746559602_1","2022-08-30","Andhra Pradesh","Heavy faux georgette with embroidery work with moti latkan border with sleev  Dupatta Sets ","Ad 009 a","XL","1","1500.0","1500.0"
"DELIVERED","658416003246_1","2022-08-30","Chhattisgarh","FIVE STAR Hair Straightener Comb for Women & Men, Hair Styler, Straightener Machine Brush/PTC Heating Electric Straightener with 5 Temperature Control Hair Straightener","Uk8ndIGZ","Free Size","1","429.0","429.0"
"DELIVERED","271046524562_1","2022-08-30","Delhi","Fancy look beautiful embroidery work kurti bottom with duppata","Hk 1454","XL","1","1400.0","1400.0"
"DELIVERED","381809810413_1","2022-08-30","Jammu & Kashmir","Fancy look beautiful embroidery work kurti bottom with duppata","Hk 1454","XL","1","1400.0","1400.0"
"DELIVERED","710010425387_1","2022-08-30","Maharashtra","Fancy look beautiful embroidery work kurti bottom with duppata","Hk 1454","XXL","1","1400.0","1400.0"
"CANCELLED","338379679888_1","2022-08-30","Maharashtra","Fancy look beautiful embroidery work kurti bottom with duppata","Hk 1454","XL","1","1400.0","1400.0"
"DELIVERED","796423327995_1","2022-08-30","Chhattisgarh","Fancy look beautiful embroidery work kurti bottom with duppata","Hk 1454","XXL","1","1368.0","1368.0"
"DELIVERED","571369750119_1","2022-08-30","Punjab","Fancy look beautiful embroidery work kurti bottom with duppata","Hk 1454","XL","1","1400.0","1400.0"
"DELIVERED","652915591650_1","2022-08-30","Kerala","Fancy look beautiful embroidery work kurti bottom with duppata","Hk 1454","XXL","1","1400.0","1400.0"
"DELIVERED","922552445432_1","2022-08-30","Uttarakhand","Fancy look beautiful embroidery work kurti bottom with duppata","Hk 1454","XL","1","1368.0","1368.0"
"CANCELLED","330275002150_1","2022-08-30","Tamil Nadu","Fancy embroidery sequence work gown with dupatta ","Dhk1094","XL","1","1461.0","1461.0"
"DELIVERED","910483967612_1","2022-08-30","Assam","FIVE STAR Hair Straightener Comb for Women & Men, Hair Styler, Straightener Machine Brush/PTC Heating Electric Straightener with 5 Temperature Control Hair Straightener","Uk8ndIGZ","Free Size","1","429.0","429.0"
"DELIVERED","355129275575_1","2022-08-30","India","Fancy look beautiful embroidery work kurti bottom with duppata","Hk 1454","XL","1","1368.0","1368.0"
"DELIVERED","624159941368_1","2022-08-31","Odisha","Heavy Soft Butterfly Net With Rose Flower Pattern Ribin Work With Rivet Moti Work With Sleeve gown with duppata","Ad 021","XXL","1","1300.0","1300.0"
"RTO_COMPLETE","469860092115_1","2022-08-31","Maharashtra","Heavy Soft Butterfly Net With Rose Flower Pattern Ribin Work With Rivet Moti Work With Sleeve gown with duppata","Ad 021","XL","1","1300.0","1300.0"
"DELIVERED","507323371165_1","2022-08-31","Karnataka","FIVESTAR Bridal Wedding Gorgette Lehengha with soft net Dupata","6320","Semi Stitched","1","1949.0","1949.0"
"CANCELLED","548021683292_1","2022-08-31","Kerala","Heavy faux georgette with embroidery work with moti latkan border with sleev  Dupatta Sets ","Ad 009 a","XL","1","1500.0","1500.0"
"RTO_COMPLETE","717468980947_1","2022-08-31","Haryana","Fancy look beautiful embroidery work kurti bottom with duppata","Hk 1454","XL","1","1400.0","1400.0"
"RTO_COMPLETE","182637707929_1","2022-08-31","Jharkhand","Fancy look beautiful embroidery work kurti bottom with duppata","Hk 1454","XXL","1","1368.0","1368.0"
"RTO_COMPLETE","765196624540_1","2022-08-31","Rajasthan","FIVESTAR Bridal Wedding Gorgette Lehengha with soft net Dupata","6320","Semi Stitched","1","1949.0","1949.0"
"CANCELLED","694787246193_1","2022-08-31","Telangana","Stylish navratri wear lehnga choli"," Dhk1121","Semi Stitched","1","1200.0","1200.0"
"DELIVERED","653631357267_1","2022-08-31","Haryana","FIVESTAR Bridal Wedding Gorgette Lehengha with soft net Dupata","6320","Semi Stitched","1","1949.0","1949.0"
"CANCELLED","812064549286_1","2022-08-31","West Bengal","top & bottom set","akshar 1090","XXL","1","1400.0","1400.0"
