order_id,address_complete,payment_type,customer_rto_history,location_type,product_type,is_rto
1,0,Prepaid,7,Urban,Electronics,1
2,1,COD,2,Rural,Beauty,1
3,0,COD,7,Rural,Clothing,1
4,0,COD,4,Urban,Clothing,0
5,0,COD,0,Rural,Home,1
6,1,COD,6,Rural,Clothing,1
7,0,Prepaid,4,Urban,Clothing,0
8,0,COD,5,Rural,Electronics,0
9,0,Prepaid,5,Urban,Electronics,1
10,1,Prepaid,7,Urban,Beauty,0
11,0,COD,8,Urban,Electronics,1
12,0,COD,1,Urban,Electronics,1
13,0,Prepaid,8,Rural,Electronics,0
14,0,COD,9,Urban,Electronics,0
15,1,COD,8,Urban,Beauty,1
16,0,Prepaid,9,Rural,Electronics,0
17,1,Prepaid,9,Urban,Home,0
18,1,COD,6,Urban,Home,0
19,1,Prepaid,0,Rural,Home,0
20,0,COD,6,Rural,Home,1
21,1,COD,9,Rural,Electronics,0
22,0,COD,4,Rural,Home,1
23,1,Prepaid,5,Rural,Electronics,0
24,1,Prepaid,9,Rural,Beauty,0
25,1,Prepaid,6,Rural,Home,1
26,1,Prepaid,4,Urban,Clothing,1
27,1,Prepaid,6,Rural,Home,0
28,1,COD,8,Rural,Home,0
29,1,COD,2,Rural,Electronics,0
30,1,COD,7,Urban,Home,0
31,0,COD,1,Urban,Clothing,1
32,0,Prepaid,6,Rural,Electronics,0
33,1,COD,1,Rural,Electronics,0
34,1,Prepaid,3,Rural,Beauty,0
35,1,COD,6,Urban,Beauty,1
36,0,Prepaid,2,Urban,Home,1
37,1,Prepaid,1,Rural,Beauty,0
38,0,COD,9,Urban,Beauty,1
39,0,COD,6,Rural,Beauty,0
40,0,COD,0,Urban,Electronics,0
41,0,COD,7,Urban,Electronics,1
42,0,Prepaid,2,Rural,Electronics,1
43,1,COD,1,Rural,Beauty,1
44,1,COD,2,Rural,Electronics,0
45,1,Prepaid,4,Rural,Beauty,0
46,1,COD,7,Urban,Electronics,1
47,1,COD,9,Urban,Electronics,0
48,0,COD,6,Urban,Clothing,0
49,1,COD,6,Rural,Home,0
50,1,COD,6,Urban,Beauty,1
51,0,Prepaid,7,Rural,Clothing,0
52,1,COD,0,Urban,Electronics,0
53,0,COD,3,Rural,Beauty,1
54,1,COD,5,Rural,Electronics,0
55,0,COD,8,Urban,Home,0
56,1,COD,1,Rural,Clothing,0
57,1,Prepaid,0,Rural,Home,0
58,0,COD,9,Urban,Clothing,0
59,0,Prepaid,1,Rural,Electronics,0
60,0,Prepaid,6,Rural,Home,1
61,0,COD,2,Rural,Home,0
62,0,COD,9,Urban,Electronics,1
63,0,COD,1,Urban,Home,0
64,0,COD,6,Rural,Beauty,0
65,0,Prepaid,1,Urban,Clothing,0
66,1,COD,2,Rural,Clothing,0
67,1,COD,6,Rural,Clothing,1
68,0,COD,3,Rural,Beauty,0
69,1,COD,0,Rural,Clothing,0
70,1,COD,4,Rural,Electronics,1
71,1,COD,8,Urban,Home,1
72,1,Prepaid,7,Rural,Beauty,1
73,0,Prepaid,8,Urban,Clothing,0
74,1,COD,9,Urban,Electronics,1
75,0,COD,8,Rural,Home,0
76,1,COD,6,Rural,Home,0
77,1,Prepaid,3,Urban,Beauty,0
78,1,COD,4,Urban,Beauty,0
79,0,Prepaid,0,Urban,Beauty,0
80,1,COD,0,Rural,Electronics,0
81,0,COD,2,Urban,Electronics,1
82,1,COD,7,Rural,Beauty,0
83,0,COD,1,Rural,Clothing,0
84,1,Prepaid,3,Rural,Home,0
85,0,Prepaid,1,Urban,Home,1
86,0,COD,4,Rural,Electronics,0
87,1,COD,8,Rural,Home,0
88,0,Prepaid,0,Rural,Clothing,1
89,1,Prepaid,4,Rural,Home,1
90,1,Prepaid,8,Rural,Electronics,0
91,1,Prepaid,0,Urban,Electronics,1
92,1,COD,8,Rural,Clothing,1
93,1,Prepaid,7,Rural,Clothing,1
94,1,COD,3,Urban,Home,0
95,1,Prepaid,9,Rural,Home,1
96,1,Prepaid,4,Urban,Electronics,0
97,1,Prepaid,4,Rural,Clothing,0
98,1,Prepaid,5,Urban,Clothing,0
99,1,Prepaid,6,Urban,Clothing,0
100,0,COD,7,Rural,Home,0
101,0,COD,7,Rural,Clothing,1
102,1,Prepaid,1,Rural,Electronics,0
103,1,Prepaid,8,Urban,Electronics,0
104,1,COD,6,Urban,Home,0
105,1,Prepaid,3,Urban,Beauty,0
106,1,Prepaid,3,Rural,Home,1
107,1,COD,7,Urban,Beauty,0
108,1,Prepaid,3,Urban,Clothing,0
109,1,Prepaid,5,Rural,Home,0
110,0,COD,4,Urban,Electronics,0
111,1,COD,2,Urban,Clothing,0
112,0,COD,9,Rural,Electronics,1
113,1,Prepaid,1,Urban,Clothing,1
114,1,COD,8,Rural,Home,0
115,0,COD,9,Rural,Beauty,1
116,1,COD,8,Rural,Clothing,1
117,0,COD,0,Rural,Beauty,1
118,1,COD,9,Rural,Clothing,0
119,1,COD,2,Urban,Electronics,0
120,0,Prepaid,7,Urban,Electronics,0
121,1,Prepaid,5,Rural,Clothing,1
122,0,COD,4,Rural,Beauty,1
123,1,COD,4,Urban,Home,0
124,0,COD,5,Rural,Home,0
125,0,Prepaid,6,Rural,Electronics,1
126,1,Prepaid,0,Rural,Home,1
127,1,Prepaid,8,Urban,Electronics,1
128,0,Prepaid,2,Urban,Home,1
129,1,Prepaid,3,Rural,Clothing,0
130,1,Prepaid,9,Rural,Electronics,0
131,1,Prepaid,0,Urban,Electronics,1
132,0,Prepaid,9,Urban,Clothing,0
133,0,Prepaid,2,Rural,Electronics,0
134,0,COD,1,Rural,Home,1
135,0,COD,1,Urban,Home,0
136,0,COD,0,Urban,Electronics,1
137,0,COD,7,Urban,Home,0
138,0,Prepaid,2,Rural,Beauty,1
139,0,Prepaid,2,Urban,Electronics,0
140,0,COD,5,Rural,Clothing,0
141,1,Prepaid,7,Urban,Beauty,1
142,0,COD,8,Urban,Electronics,0
143,1,Prepaid,8,Urban,Clothing,1
144,1,COD,3,Urban,Home,1
145,1,Prepaid,4,Rural,Clothing,0
146,0,Prepaid,1,Rural,Beauty,0
147,0,COD,8,Urban,Home,0
148,0,Prepaid,7,Rural,Electronics,0
149,0,COD,2,Urban,Home,1
150,1,COD,8,Urban,Electronics,1
151,0,COD,2,Urban,Electronics,1
152,0,COD,8,Urban,Clothing,1
153,0,Prepaid,1,Rural,Clothing,0
154,0,Prepaid,9,Urban,Clothing,1
155,0,Prepaid,8,Urban,Beauty,1
156,1,COD,7,Rural,Beauty,1
157,0,Prepaid,8,Urban,Clothing,1
158,1,COD,4,Urban,Beauty,0
159,0,Prepaid,1,Urban,Home,1
160,1,Prepaid,7,Rural,Home,0
161,0,Prepaid,5,Urban,Beauty,0
162,0,COD,7,Rural,Beauty,0
163,1,Prepaid,4,Urban,Home,1
164,1,Prepaid,9,Urban,Electronics,1
165,1,COD,1,Rural,Home,1
166,0,Prepaid,5,Urban,Home,1
167,1,COD,4,Urban,Beauty,0
168,0,Prepaid,4,Rural,Home,1
169,0,COD,0,Rural,Beauty,0
170,1,COD,1,Rural,Beauty,0
171,1,Prepaid,7,Rural,Clothing,0
172,0,COD,2,Rural,Home,1
173,0,COD,9,Urban,Electronics,1
174,1,COD,2,Rural,Clothing,0
175,1,COD,7,Urban,Beauty,0
176,1,COD,7,Urban,Beauty,1
177,0,COD,1,Urban,Electronics,0
178,0,Prepaid,7,Rural,Beauty,1
179,0,COD,0,Rural,Home,1
180,0,COD,5,Urban,Clothing,0
181,0,Prepaid,7,Rural,Beauty,0
182,0,Prepaid,2,Rural,Beauty,1
183,1,Prepaid,7,Rural,Electronics,1
184,0,Prepaid,0,Rural,Home,0
185,0,Prepaid,8,Urban,Beauty,1
186,0,Prepaid,8,Urban,Electronics,0
187,1,Prepaid,4,Rural,Beauty,0
188,0,COD,9,Urban,Electronics,1
189,0,COD,3,Rural,Electronics,1
190,1,Prepaid,5,Rural,Home,0
191,0,COD,6,Urban,Beauty,1
192,0,COD,4,Urban,Home,0
193,0,COD,9,Urban,Electronics,0
194,0,Prepaid,8,Rural,Clothing,0
195,0,Prepaid,2,Urban,Beauty,1
196,1,COD,6,Rural,Clothing,0
197,1,Prepaid,9,Urban,Beauty,0
198,1,COD,9,Urban,Home,0
199,0,COD,4,Rural,Home,1
200,0,COD,6,Rural,Home,1
201,0,COD,1,Rural,Home,1
202,1,Prepaid,3,Rural,Home,0
203,0,Prepaid,1,Rural,Clothing,1
204,0,Prepaid,6,Rural,Home,0
205,1,COD,1,Rural,Electronics,1
206,0,Prepaid,0,Rural,Electronics,1
207,1,COD,8,Urban,Clothing,0
208,1,Prepaid,0,Rural,Beauty,1
209,1,COD,7,Rural,Electronics,0
210,0,COD,1,Urban,Beauty,0
211,0,COD,7,Rural,Clothing,0
212,0,Prepaid,2,Urban,Beauty,0
213,0,Prepaid,5,Urban,Beauty,0
214,0,Prepaid,2,Rural,Beauty,1
215,0,Prepaid,6,Urban,Beauty,0
216,0,COD,9,Rural,Clothing,1
217,1,Prepaid,8,Urban,Electronics,0
218,0,Prepaid,1,Urban,Home,0
219,1,COD,4,Urban,Beauty,1
220,0,COD,5,Rural,Electronics,0
221,0,COD,3,Rural,Electronics,0
222,0,Prepaid,3,Urban,Clothing,1
223,1,COD,3,Urban,Electronics,0
224,1,COD,1,Rural,Clothing,0
225,1,COD,3,Rural,Beauty,0
226,1,Prepaid,0,Urban,Beauty,1
227,0,COD,5,Urban,Home,1
228,1,Prepaid,0,Rural,Home,1
229,0,Prepaid,9,Rural,Home,1
230,0,COD,5,Rural,Electronics,0
231,1,COD,0,Rural,Beauty,0
232,1,Prepaid,5,Rural,Clothing,1
233,1,COD,9,Urban,Home,0
234,1,COD,7,Rural,Clothing,0
235,1,Prepaid,1,Urban,Clothing,0
236,1,Prepaid,1,Rural,Home,0
237,1,COD,3,Urban,Beauty,1
238,1,Prepaid,2,Rural,Home,0
239,0,COD,3,Rural,Clothing,0
240,1,COD,6,Urban,Home,0
241,1,COD,0,Urban,Clothing,1
242,0,Prepaid,5,Rural,Clothing,0
243,1,COD,2,Rural,Home,0
244,0,COD,9,Rural,Electronics,1
245,0,COD,6,Rural,Home,1
246,1,Prepaid,9,Rural,Electronics,0
247,0,Prepaid,1,Urban,Clothing,0
248,0,Prepaid,1,Urban,Clothing,0
249,0,Prepaid,3,Rural,Electronics,0
250,0,Prepaid,0,Urban,Clothing,0
251,1,COD,2,Urban,Electronics,0
252,0,Prepaid,8,Urban,Electronics,0
253,1,Prepaid,6,Rural,Clothing,0
254,0,Prepaid,6,Urban,Beauty,1
255,0,COD,3,Rural,Electronics,1
256,0,Prepaid,1,Urban,Home,1
257,0,Prepaid,3,Rural,Home,0
258,1,COD,5,Urban,Clothing,0
259,1,Prepaid,2,Rural,Beauty,1
260,0,COD,0,Rural,Clothing,0
261,0,COD,7,Urban,Beauty,0
262,1,COD,4,Rural,Electronics,0
263,0,COD,4,Rural,Electronics,1
264,0,COD,3,Rural,Electronics,1
265,0,Prepaid,5,Rural,Electronics,0
266,1,COD,2,Rural,Home,0
267,1,COD,8,Rural,Home,1
268,1,Prepaid,4,Rural,Clothing,0
269,0,COD,2,Rural,Beauty,1
270,0,Prepaid,0,Urban,Electronics,1
271,1,Prepaid,9,Urban,Electronics,1
272,1,Prepaid,5,Rural,Beauty,0
273,1,COD,1,Rural,Beauty,0
274,1,COD,2,Urban,Clothing,0
275,0,COD,0,Urban,Beauty,1
276,1,Prepaid,8,Urban,Electronics,1
277,0,COD,7,Rural,Electronics,0
278,1,COD,1,Urban,Electronics,0
279,0,COD,7,Rural,Electronics,1
280,1,Prepaid,8,Rural,Electronics,1
281,1,Prepaid,0,Urban,Clothing,1
282,1,COD,4,Rural,Electronics,0
283,1,COD,7,Rural,Clothing,0
284,0,COD,1,Rural,Electronics,1
285,1,COD,3,Rural,Home,1
286,0,Prepaid,6,Urban,Home,0
287,0,Prepaid,2,Urban,Home,0
288,0,Prepaid,4,Rural,Home,0
289,0,Prepaid,7,Rural,Clothing,0
290,1,COD,9,Urban,Clothing,0
291,0,COD,2,Rural,Beauty,1
292,0,COD,3,Urban,Electronics,0
293,0,Prepaid,8,Rural,Home,1
294,1,COD,6,Rural,Clothing,0
295,1,Prepaid,0,Urban,Electronics,1
296,1,Prepaid,3,Urban,Electronics,1
297,1,COD,3,Urban,Clothing,0
298,0,COD,8,Urban,Home,0
299,0,COD,5,Rural,Beauty,0
300,1,Prepaid,8,Urban,Electronics,0
301,0,COD,5,Rural,Beauty,1
302,0,Prepaid,5,Urban,Home,1
303,0,COD,4,Urban,Home,0
304,1,Prepaid,4,Rural,Beauty,0
305,1,Prepaid,1,Urban,Home,0
306,0,COD,7,Urban,Electronics,1
307,1,Prepaid,7,Urban,Beauty,0
308,1,Prepaid,0,Urban,Home,0
309,1,COD,7,Rural,Beauty,1
310,1,Prepaid,4,Rural,Electronics,1
311,1,COD,1,Urban,Home,0
312,0,Prepaid,1,Urban,Electronics,1
313,1,COD,5,Urban,Home,0
314,0,COD,8,Rural,Clothing,0
315,0,Prepaid,0,Rural,Home,1
316,1,Prepaid,5,Rural,Beauty,1
317,0,Prepaid,8,Rural,Home,0
318,0,Prepaid,7,Urban,Electronics,0
319,0,Prepaid,5,Urban,Electronics,0
320,1,COD,2,Urban,Home,0
321,1,Prepaid,7,Rural,Beauty,0
322,0,COD,8,Urban,Clothing,0
323,1,COD,0,Rural,Beauty,0
324,1,Prepaid,8,Rural,Clothing,1
325,1,COD,5,Urban,Electronics,1
326,1,COD,5,Urban,Beauty,1
327,0,COD,3,Urban,Clothing,0
328,0,COD,0,Rural,Home,1
329,1,Prepaid,9,Rural,Electronics,1
330,1,COD,7,Urban,Home,1
331,0,Prepaid,1,Urban,Electronics,1
332,0,Prepaid,0,Rural,Beauty,1
333,1,COD,1,Urban,Beauty,0
334,0,Prepaid,0,Rural,Electronics,0
335,1,Prepaid,0,Rural,Electronics,1
336,1,Prepaid,8,Urban,Electronics,1
337,0,COD,0,Urban,Beauty,1
338,0,Prepaid,3,Urban,Clothing,0
339,1,Prepaid,9,Urban,Home,0
340,1,Prepaid,5,Rural,Home,0
341,0,COD,6,Rural,Beauty,1
342,1,Prepaid,1,Rural,Home,0
343,0,COD,5,Urban,Electronics,0
344,1,COD,6,Rural,Clothing,0
345,0,COD,9,Urban,Home,0
346,0,COD,9,Urban,Clothing,1
347,0,COD,1,Urban,Electronics,1
348,1,COD,1,Urban,Home,1
349,1,Prepaid,9,Urban,Beauty,0
350,0,COD,6,Urban,Clothing,1
351,1,Prepaid,0,Rural,Electronics,0
352,0,Prepaid,7,Urban,Clothing,1
353,0,COD,2,Rural,Home,0
354,1,Prepaid,5,Rural,Home,0
355,1,Prepaid,8,Urban,Beauty,1
356,0,Prepaid,5,Urban,Electronics,1
357,1,Prepaid,8,Urban,Electronics,0
358,1,COD,6,Rural,Beauty,1
359,0,Prepaid,8,Urban,Beauty,0
360,0,COD,1,Rural,Electronics,0
361,1,Prepaid,7,Urban,Clothing,0
362,0,Prepaid,7,Urban,Clothing,0
363,0,COD,1,Rural,Beauty,0
364,1,Prepaid,3,Rural,Clothing,0
365,0,Prepaid,6,Urban,Electronics,0
366,0,Prepaid,3,Rural,Home,1
367,1,COD,3,Rural,Home,0
368,1,Prepaid,5,Rural,Clothing,1
369,0,COD,9,Rural,Beauty,0
370,0,Prepaid,5,Rural,Beauty,1
371,1,COD,9,Urban,Beauty,0
372,1,COD,2,Urban,Beauty,0
373,1,Prepaid,8,Rural,Beauty,0
374,1,Prepaid,9,Urban,Clothing,0
375,0,COD,1,Urban,Home,0
376,1,COD,5,Rural,Home,1
377,1,Prepaid,6,Urban,Clothing,1
378,0,COD,8,Rural,Beauty,1
379,1,Prepaid,2,Rural,Clothing,1
380,0,Prepaid,9,Urban,Home,0
381,1,Prepaid,2,Rural,Electronics,0
382,1,Prepaid,6,Rural,Clothing,0
383,1,COD,3,Rural,Beauty,0
384,0,Prepaid,7,Rural,Home,0
385,0,COD,6,Rural,Home,0
386,1,Prepaid,4,Urban,Home,0
387,0,COD,6,Urban,Home,0
388,0,Prepaid,2,Rural,Beauty,1
389,0,COD,1,Rural,Electronics,1
390,0,COD,5,Urban,Home,0
391,0,Prepaid,1,Rural,Clothing,1
392,0,Prepaid,2,Urban,Electronics,1
393,1,Prepaid,5,Rural,Home,0
394,1,Prepaid,4,Rural,Electronics,0
395,0,COD,7,Rural,Clothing,0
396,1,Prepaid,8,Rural,Home,1
397,1,COD,2,Rural,Clothing,1
398,1,COD,9,Rural,Beauty,0
399,1,Prepaid,2,Rural,Home,0
400,0,COD,2,Urban,Home,0
401,1,COD,5,Urban,Home,0
402,1,COD,0,Urban,Home,0
403,0,COD,6,Rural,Beauty,1
404,0,Prepaid,0,Rural,Home,1
405,1,Prepaid,4,Rural,Electronics,1
406,1,Prepaid,9,Rural,Home,1
407,1,Prepaid,7,Rural,Beauty,1
408,1,COD,3,Rural,Home,0
409,1,COD,4,Rural,Electronics,1
410,1,Prepaid,3,Urban,Beauty,0
411,0,Prepaid,3,Rural,Beauty,1
412,1,Prepaid,7,Urban,Electronics,0
413,1,COD,1,Urban,Electronics,1
414,0,Prepaid,0,Rural,Electronics,0
415,0,Prepaid,2,Rural,Electronics,0
416,0,Prepaid,8,Urban,Electronics,0
417,0,COD,3,Urban,Beauty,0
418,1,COD,9,Rural,Beauty,1
419,1,COD,4,Rural,Home,1
420,1,COD,1,Urban,Home,0
421,1,COD,3,Rural,Clothing,0
422,1,COD,1,Rural,Home,0
423,1,COD,1,Rural,Home,0
424,0,COD,3,Urban,Electronics,0
425,1,Prepaid,5,Urban,Electronics,1
426,0,Prepaid,6,Urban,Home,0
427,0,COD,9,Rural,Clothing,0
428,1,COD,2,Rural,Electronics,0
429,0,Prepaid,2,Urban,Home,0
430,1,COD,9,Urban,Home,0
431,0,COD,5,Urban,Beauty,1
432,1,COD,2,Rural,Clothing,0
433,0,Prepaid,1,Urban,Beauty,0
434,1,Prepaid,7,Urban,Clothing,0
435,1,Prepaid,4,Rural,Electronics,0
436,1,Prepaid,0,Rural,Clothing,0
437,1,Prepaid,2,Rural,Home,1
438,1,COD,9,Urban,Home,1
439,0,Prepaid,7,Rural,Clothing,0
440,0,COD,3,Rural,Clothing,0
441,0,COD,6,Urban,Clothing,0
442,1,Prepaid,9,Rural,Beauty,0
443,0,Prepaid,1,Urban,Clothing,1
444,1,COD,6,Urban,Electronics,1
445,1,COD,4,Rural,Beauty,0
446,0,COD,4,Rural,Beauty,0
447,0,Prepaid,5,Rural,Clothing,0
448,1,Prepaid,8,Rural,Electronics,1
449,0,Prepaid,5,Rural,Beauty,1
450,1,Prepaid,7,Rural,Home,0
451,1,Prepaid,6,Urban,Beauty,0
452,1,COD,8,Urban,Clothing,1
453,1,Prepaid,3,Rural,Electronics,0
454,1,COD,1,Urban,Clothing,0
455,0,COD,6,Rural,Home,0
456,0,COD,5,Urban,Home,1
457,1,Prepaid,0,Urban,Home,0
458,1,Prepaid,8,Urban,Clothing,0
459,0,Prepaid,8,Rural,Beauty,1
460,0,COD,1,Urban,Clothing,0
461,1,COD,2,Rural,Electronics,0
462,0,COD,4,Urban,Beauty,0
463,1,COD,4,Urban,Home,0
464,0,COD,0,Urban,Clothing,1
465,1,COD,7,Urban,Home,0
466,0,Prepaid,7,Urban,Home,0
467,1,Prepaid,3,Rural,Electronics,0
468,0,Prepaid,6,Rural,Beauty,1
469,0,Prepaid,9,Urban,Electronics,1
470,1,COD,2,Urban,Electronics,0
471,0,COD,5,Urban,Electronics,0
472,1,Prepaid,9,Urban,Home,1
473,0,COD,9,Rural,Electronics,0
474,1,Prepaid,8,Urban,Electronics,1
475,0,Prepaid,0,Rural,Beauty,1
476,1,Prepaid,4,Urban,Beauty,1
477,0,COD,3,Rural,Electronics,0
478,1,Prepaid,7,Urban,Beauty,0
479,0,Prepaid,0,Urban,Beauty,1
480,1,Prepaid,8,Rural,Electronics,0
481,1,COD,5,Urban,Home,0
482,1,COD,3,Urban,Electronics,1
483,0,Prepaid,8,Urban,Beauty,1
484,1,COD,4,Rural,Home,0
485,0,COD,4,Urban,Clothing,0
486,1,COD,4,Urban,Home,0
487,0,COD,0,Rural,Beauty,1
488,1,COD,0,Rural,Home,1
489,0,COD,7,Rural,Electronics,0
490,0,COD,7,Urban,Clothing,0
491,1,COD,5,Urban,Clothing,1
492,0,COD,3,Urban,Clothing,0
493,0,COD,1,Rural,Beauty,0
494,1,Prepaid,1,Urban,Beauty,1
495,0,Prepaid,8,Urban,Clothing,0
496,0,COD,4,Rural,Home,1
497,0,Prepaid,3,Rural,Clothing,0
498,1,Prepaid,9,Rural,Home,0
499,0,COD,0,Rural,Home,1
500,1,COD,6,Rural,Beauty,0
501,0,COD,2,Urban,Home,1
502,0,Prepaid,5,Rural,Clothing,0
503,0,Prepaid,4,Urban,Beauty,0
504,1,COD,4,Urban,Electronics,0
505,0,COD,4,Rural,Electronics,0
506,0,COD,0,Rural,Beauty,0
507,1,Prepaid,0,Rural,Clothing,0
508,0,Prepaid,2,Urban,Electronics,0
509,1,Prepaid,9,Rural,Electronics,0
510,1,Prepaid,3,Rural,Home,1
511,0,COD,4,Rural,Home,1
512,1,COD,1,Rural,Clothing,1
513,0,COD,7,Rural,Beauty,0
514,1,COD,1,Urban,Clothing,0
515,1,Prepaid,8,Urban,Beauty,1
516,0,Prepaid,1,Urban,Electronics,0
517,1,COD,8,Rural,Home,0
518,1,COD,6,Rural,Clothing,1
519,1,Prepaid,7,Rural,Clothing,1
520,1,COD,1,Urban,Beauty,0
521,1,Prepaid,6,Rural,Beauty,0
522,0,COD,5,Rural,Clothing,1
523,1,COD,3,Rural,Beauty,0
524,0,COD,6,Urban,Clothing,1
525,1,COD,3,Rural,Clothing,1
526,0,COD,1,Urban,Clothing,1
527,0,COD,9,Rural,Electronics,0
528,1,COD,6,Urban,Beauty,0
529,1,Prepaid,7,Urban,Home,1
530,1,Prepaid,1,Urban,Home,1
531,0,Prepaid,4,Rural,Beauty,1
532,1,Prepaid,0,Rural,Clothing,0
533,0,Prepaid,6,Urban,Home,0
534,0,COD,7,Urban,Home,1
535,0,COD,5,Rural,Beauty,1
536,1,Prepaid,4,Rural,Home,1
537,1,COD,5,Urban,Clothing,1
538,0,Prepaid,1,Rural,Beauty,0
539,0,Prepaid,0,Rural,Clothing,1
540,1,COD,6,Rural,Home,1
541,0,COD,6,Rural,Home,0
542,1,COD,9,Urban,Clothing,1
543,0,Prepaid,9,Rural,Electronics,0
544,1,COD,1,Rural,Home,0
545,0,Prepaid,1,Urban,Electronics,1
546,1,Prepaid,0,Urban,Home,0
547,0,Prepaid,9,Rural,Electronics,0
548,1,COD,7,Rural,Electronics,0
549,1,COD,7,Rural,Electronics,0
550,0,Prepaid,0,Rural,Clothing,0
551,0,COD,7,Urban,Electronics,0
552,1,COD,8,Urban,Electronics,1
553,0,COD,3,Urban,Electronics,0
554,1,Prepaid,0,Rural,Home,0
555,0,Prepaid,0,Rural,Electronics,0
556,1,COD,2,Rural,Home,1
557,1,Prepaid,4,Rural,Electronics,0
558,1,COD,4,Urban,Electronics,1
559,1,COD,8,Urban,Clothing,1
560,1,COD,9,Rural,Home,1
561,1,COD,1,Urban,Electronics,0
562,0,Prepaid,1,Rural,Home,1
563,0,Prepaid,5,Rural,Home,0
564,0,Prepaid,8,Urban,Beauty,1
565,1,COD,0,Rural,Clothing,1
566,1,COD,8,Rural,Clothing,0
567,1,COD,8,Urban,Clothing,0
568,1,Prepaid,8,Rural,Beauty,0
569,0,COD,4,Rural,Beauty,1
570,0,Prepaid,8,Urban,Clothing,0
571,1,Prepaid,3,Rural,Beauty,0
572,0,Prepaid,1,Urban,Beauty,0
573,0,Prepaid,5,Rural,Beauty,1
574,1,Prepaid,3,Urban,Clothing,1
575,0,Prepaid,5,Urban,Clothing,1
576,1,COD,2,Urban,Clothing,1
577,0,COD,5,Rural,Beauty,0
578,1,Prepaid,1,Urban,Clothing,0
579,1,Prepaid,1,Urban,Beauty,1
580,1,COD,8,Urban,Electronics,0
581,1,Prepaid,6,Urban,Beauty,0
582,0,Prepaid,2,Urban,Home,0
583,1,COD,0,Rural,Clothing,0
584,1,Prepaid,7,Rural,Clothing,0
585,1,Prepaid,5,Rural,Home,1
586,0,Prepaid,6,Rural,Beauty,0
587,1,COD,8,Rural,Electronics,0
588,0,COD,4,Rural,Home,0
589,1,COD,0,Rural,Home,1
590,0,Prepaid,9,Urban,Beauty,0
591,0,Prepaid,6,Rural,Clothing,1
592,1,COD,4,Urban,Beauty,1
593,0,Prepaid,2,Urban,Home,0
594,1,Prepaid,8,Rural,Home,1
595,1,Prepaid,0,Urban,Clothing,1
596,1,Prepaid,0,Urban,Clothing,1
597,0,Prepaid,0,Urban,Clothing,1
598,0,COD,2,Urban,Beauty,0
599,1,Prepaid,5,Rural,Clothing,0
600,1,COD,9,Rural,Home,0
601,0,Prepaid,2,Rural,Home,0
602,1,COD,7,Rural,Electronics,1
603,1,Prepaid,9,Rural,Beauty,0
604,1,COD,1,Rural,Electronics,1
605,0,Prepaid,8,Rural,Home,1
606,0,COD,2,Rural,Electronics,1
607,0,Prepaid,4,Rural,Home,1
608,1,COD,9,Rural,Electronics,0
609,1,Prepaid,7,Urban,Clothing,0
610,1,COD,1,Rural,Electronics,0
611,0,COD,5,Urban,Clothing,0
612,1,Prepaid,4,Urban,Clothing,0
613,1,Prepaid,9,Urban,Beauty,0
614,1,COD,8,Urban,Clothing,1
615,1,Prepaid,4,Rural,Clothing,0
616,0,COD,1,Urban,Electronics,0
617,0,COD,4,Rural,Home,1
618,1,COD,3,Rural,Beauty,0
619,0,Prepaid,6,Urban,Clothing,0
620,0,COD,5,Rural,Beauty,1
621,1,COD,1,Urban,Electronics,1
622,1,Prepaid,4,Urban,Clothing,1
623,0,Prepaid,6,Rural,Electronics,0
624,1,Prepaid,6,Rural,Beauty,1
625,0,Prepaid,4,Urban,Electronics,1
626,1,COD,8,Rural,Beauty,0
627,0,COD,3,Rural,Electronics,1
628,1,COD,2,Rural,Beauty,1
629,0,COD,3,Urban,Home,0
630,0,Prepaid,4,Urban,Electronics,0
631,0,COD,5,Rural,Electronics,1
632,1,COD,2,Rural,Home,1
633,0,Prepaid,1,Rural,Home,0
634,0,COD,3,Rural,Electronics,1
635,1,COD,4,Rural,Home,0
636,1,COD,3,Urban,Clothing,0
637,0,COD,2,Rural,Beauty,0
638,0,COD,7,Urban,Beauty,1
639,1,COD,9,Rural,Beauty,1
640,1,Prepaid,3,Urban,Clothing,0
641,1,Prepaid,1,Rural,Home,0
642,1,COD,1,Urban,Home,0
643,1,COD,0,Rural,Electronics,1
644,0,Prepaid,3,Urban,Home,1
645,1,COD,9,Urban,Electronics,1
646,0,COD,8,Urban,Clothing,1
647,0,COD,6,Urban,Beauty,1
648,0,Prepaid,9,Urban,Beauty,0
649,1,COD,6,Urban,Beauty,0
650,0,Prepaid,6,Rural,Home,0
651,0,COD,7,Urban,Electronics,1
652,1,Prepaid,0,Rural,Electronics,1
653,0,Prepaid,9,Rural,Clothing,0
654,0,COD,9,Rural,Home,1
655,1,Prepaid,7,Rural,Clothing,0
656,0,COD,3,Rural,Electronics,0
657,0,Prepaid,3,Urban,Electronics,1
658,0,COD,3,Urban,Beauty,1
659,1,COD,5,Urban,Home,1
660,1,Prepaid,6,Rural,Electronics,0
661,1,COD,5,Urban,Beauty,0
662,0,COD,0,Urban,Home,1
663,0,Prepaid,7,Urban,Clothing,0
664,1,COD,9,Urban,Home,0
665,0,COD,6,Urban,Home,1
666,0,Prepaid,5,Rural,Electronics,0
667,1,Prepaid,5,Urban,Electronics,1
668,1,COD,4,Rural,Home,1
669,0,COD,5,Rural,Electronics,0
670,0,Prepaid,8,Rural,Electronics,0
671,0,Prepaid,9,Rural,Electronics,1
672,1,COD,8,Rural,Beauty,1
673,1,Prepaid,9,Urban,Beauty,1
674,1,COD,7,Urban,Home,1
675,1,COD,9,Urban,Electronics,1
676,0,COD,8,Rural,Beauty,1
677,1,COD,9,Urban,Home,0
678,1,COD,7,Urban,Electronics,0
679,1,Prepaid,7,Rural,Clothing,0
680,1,Prepaid,0,Rural,Electronics,0
681,1,Prepaid,9,Rural,Electronics,0
682,0,Prepaid,4,Rural,Beauty,0
683,0,COD,3,Urban,Home,1
684,1,COD,1,Rural,Home,0
685,0,COD,7,Rural,Beauty,0
686,1,COD,2,Urban,Electronics,0
687,1,Prepaid,3,Urban,Clothing,0
688,0,COD,6,Rural,Electronics,0
689,0,COD,9,Urban,Electronics,0
690,1,Prepaid,8,Rural,Clothing,0
691,1,Prepaid,1,Rural,Beauty,1
692,1,Prepaid,2,Urban,Home,1
693,0,Prepaid,3,Urban,Beauty,1
694,1,COD,9,Rural,Beauty,1
695,1,COD,0,Rural,Electronics,0
696,1,Prepaid,6,Rural,Home,1
697,0,COD,1,Urban,Home,1
698,1,COD,4,Rural,Beauty,0
699,1,COD,0,Rural,Clothing,1
700,0,Prepaid,2,Rural,Beauty,0
701,1,COD,1,Rural,Clothing,1
702,1,Prepaid,0,Rural,Home,1
703,0,COD,6,Urban,Beauty,0
704,1,COD,4,Rural,Electronics,1
705,0,COD,0,Rural,Beauty,1
706,0,Prepaid,5,Rural,Home,1
707,1,COD,4,Rural,Electronics,0
708,1,Prepaid,2,Urban,Electronics,1
709,1,Prepaid,6,Urban,Clothing,0
710,1,Prepaid,9,Urban,Electronics,0
711,0,COD,8,Rural,Electronics,0
712,1,COD,8,Rural,Beauty,1
713,0,COD,8,Urban,Home,1
714,1,COD,1,Urban,Clothing,1
715,1,Prepaid,2,Urban,Beauty,1
716,1,Prepaid,6,Rural,Electronics,0
717,0,Prepaid,4,Rural,Electronics,0
718,1,COD,1,Urban,Clothing,0
719,1,Prepaid,2,Urban,Home,0
720,1,COD,9,Urban,Clothing,0
721,1,Prepaid,5,Rural,Beauty,0
722,0,COD,6,Rural,Clothing,0
723,1,COD,8,Rural,Electronics,0
724,0,Prepaid,0,Urban,Beauty,0
725,0,Prepaid,6,Urban,Electronics,0
726,0,Prepaid,7,Rural,Home,1
727,0,Prepaid,2,Urban,Electronics,1
728,0,COD,3,Rural,Electronics,1
729,0,Prepaid,9,Urban,Clothing,0
730,1,Prepaid,5,Urban,Electronics,0
731,0,Prepaid,9,Urban,Beauty,1
732,0,COD,6,Urban,Beauty,0
733,0,COD,3,Rural,Home,0
734,1,Prepaid,7,Urban,Beauty,0
735,1,COD,4,Rural,Clothing,0
736,0,Prepaid,0,Rural,Home,0
737,1,COD,3,Rural,Beauty,0
738,0,COD,2,Urban,Clothing,1
739,0,COD,8,Rural,Beauty,0
740,1,COD,7,Rural,Beauty,0
741,0,Prepaid,0,Rural,Electronics,1
742,1,Prepaid,5,Urban,Beauty,0
743,1,Prepaid,8,Urban,Beauty,0
744,0,COD,6,Rural,Clothing,1
745,0,Prepaid,3,Urban,Clothing,0
746,1,Prepaid,0,Rural,Electronics,0
747,0,Prepaid,1,Rural,Beauty,0
748,0,COD,4,Urban,Electronics,0
749,0,COD,4,Rural,Beauty,0
750,1,COD,7,Urban,Home,1
751,1,Prepaid,5,Urban,Home,0
752,0,Prepaid,7,Rural,Electronics,0
753,1,Prepaid,1,Urban,Electronics,0
754,1,COD,2,Urban,Electronics,0
755,1,COD,5,Rural,Clothing,1
756,1,Prepaid,9,Rural,Clothing,0
757,1,COD,2,Urban,Clothing,0
758,0,COD,5,Urban,Electronics,0
759,0,COD,5,Rural,Beauty,0
760,0,COD,1,Urban,Home,0
761,1,Prepaid,6,Urban,Electronics,1
762,1,COD,1,Urban,Clothing,0
763,0,COD,5,Urban,Clothing,0
764,1,COD,0,Urban,Electronics,0
765,0,COD,2,Urban,Electronics,1
766,0,Prepaid,1,Urban,Clothing,0
767,0,Prepaid,6,Rural,Beauty,1
768,1,COD,3,Rural,Clothing,1
769,1,COD,7,Rural,Clothing,1
770,0,COD,5,Rural,Electronics,0
771,0,COD,9,Rural,Beauty,0
772,0,COD,3,Urban,Clothing,1
773,0,COD,4,Urban,Clothing,1
774,1,Prepaid,8,Urban,Home,1
775,1,COD,6,Urban,Electronics,0
776,0,Prepaid,9,Rural,Home,0
777,0,Prepaid,8,Urban,Home,0
778,1,COD,6,Urban,Clothing,1
779,1,Prepaid,0,Rural,Electronics,0
780,0,Prepaid,7,Urban,Beauty,0
781,0,Prepaid,3,Urban,Clothing,1
782,0,Prepaid,2,Rural,Beauty,0
783,1,Prepaid,6,Urban,Beauty,1
784,1,Prepaid,2,Urban,Electronics,0
785,1,COD,7,Urban,Home,0
786,0,Prepaid,5,Urban,Electronics,0
787,0,Prepaid,4,Urban,Beauty,1
788,1,Prepaid,3,Rural,Clothing,0
789,1,COD,7,Rural,Beauty,0
790,0,Prepaid,7,Rural,Clothing,1
791,1,COD,0,Rural,Clothing,0
792,1,Prepaid,8,Rural,Electronics,0
793,0,COD,4,Rural,Beauty,0
794,1,COD,3,Urban,Home,0
795,0,Prepaid,5,Rural,Beauty,1
796,0,Prepaid,5,Rural,Beauty,0
797,0,COD,1,Urban,Home,0
798,0,Prepaid,7,Urban,Electronics,0
799,0,COD,6,Rural,Beauty,1
800,0,COD,0,Urban,Beauty,0
801,0,COD,4,Rural,Clothing,0
802,1,COD,5,Urban,Beauty,0
803,0,COD,3,Rural,Home,0
804,0,Prepaid,1,Urban,Clothing,0
805,1,COD,3,Urban,Electronics,0
806,1,COD,0,Rural,Clothing,1
807,1,Prepaid,6,Rural,Home,0
808,0,COD,1,Rural,Home,1
809,1,Prepaid,1,Rural,Clothing,1
810,0,Prepaid,8,Rural,Electronics,0
811,0,Prepaid,4,Urban,Clothing,0
812,0,COD,1,Rural,Electronics,0
813,0,COD,8,Rural,Clothing,1
814,1,COD,8,Urban,Home,0
815,1,Prepaid,0,Urban,Beauty,0
816,0,COD,2,Rural,Beauty,0
817,0,Prepaid,3,Urban,Electronics,1
818,0,COD,6,Urban,Electronics,1
819,1,Prepaid,9,Rural,Electronics,0
820,0,COD,3,Urban,Home,1
821,0,COD,1,Urban,Clothing,0
822,1,COD,6,Rural,Home,0
823,1,Prepaid,5,Rural,Beauty,1
824,0,Prepaid,2,Urban,Electronics,0
825,1,COD,5,Urban,Clothing,0
826,1,COD,5,Rural,Beauty,0
827,0,Prepaid,4,Urban,Beauty,1
828,1,Prepaid,3,Urban,Beauty,1
829,0,Prepaid,9,Urban,Home,1
830,1,COD,0,Rural,Electronics,1
831,0,Prepaid,9,Urban,Beauty,0
832,0,COD,5,Urban,Electronics,0
833,0,Prepaid,1,Rural,Home,0
834,1,COD,2,Urban,Beauty,0
835,0,Prepaid,7,Urban,Home,0
836,1,Prepaid,9,Rural,Home,1
837,0,Prepaid,5,Rural,Electronics,0
838,0,Prepaid,2,Rural,Beauty,0
839,1,Prepaid,6,Rural,Home,0
840,0,COD,3,Urban,Beauty,0
841,0,Prepaid,8,Urban,Electronics,1
842,1,Prepaid,4,Rural,Home,0
843,0,Prepaid,2,Rural,Electronics,0
844,0,COD,1,Urban,Beauty,1
845,0,Prepaid,1,Rural,Beauty,0
846,0,COD,2,Urban,Electronics,0
847,1,Prepaid,1,Rural,Clothing,0
848,1,Prepaid,3,Urban,Home,0
849,0,COD,1,Rural,Beauty,1
850,1,Prepaid,9,Rural,Beauty,1
851,0,COD,8,Urban,Home,0
852,1,COD,1,Rural,Electronics,1
853,0,Prepaid,8,Urban,Electronics,0
854,0,COD,5,Urban,Electronics,0
855,0,Prepaid,0,Urban,Clothing,0
856,0,Prepaid,3,Urban,Clothing,0
857,0,COD,0,Urban,Beauty,0
858,0,COD,5,Rural,Electronics,1
859,1,COD,3,Rural,Home,1
860,0,COD,2,Urban,Beauty,0
861,1,Prepaid,2,Rural,Home,0
862,0,Prepaid,8,Urban,Beauty,0
863,1,COD,5,Rural,Clothing,0
864,1,Prepaid,8,Rural,Beauty,0
865,1,Prepaid,4,Rural,Clothing,0
866,0,Prepaid,1,Rural,Beauty,1
867,0,Prepaid,7,Urban,Electronics,0
868,1,COD,4,Urban,Home,0
869,0,COD,1,Rural,Electronics,0
870,1,Prepaid,3,Rural,Beauty,0
871,0,COD,8,Urban,Beauty,0
872,1,COD,3,Rural,Beauty,1
873,1,COD,3,Urban,Clothing,0
874,0,Prepaid,1,Urban,Home,1
875,1,Prepaid,5,Urban,Home,0
876,0,Prepaid,1,Rural,Beauty,0
877,1,COD,6,Urban,Beauty,0
878,1,Prepaid,2,Rural,Clothing,1
879,0,Prepaid,2,Urban,Electronics,0
880,0,COD,4,Rural,Electronics,1
881,0,Prepaid,2,Rural,Home,0
882,1,Prepaid,1,Rural,Clothing,1
883,0,COD,9,Urban,Beauty,0
884,1,COD,8,Urban,Home,1
885,1,COD,1,Rural,Clothing,0
886,0,Prepaid,1,Rural,Electronics,1
887,0,Prepaid,7,Rural,Clothing,0
888,1,Prepaid,8,Urban,Electronics,0
889,1,COD,6,Urban,Clothing,0
890,0,COD,2,Urban,Home,1
891,0,Prepaid,8,Urban,Electronics,0
892,0,Prepaid,2,Rural,Home,1
893,0,COD,4,Rural,Home,0
894,0,COD,8,Urban,Electronics,0
895,1,COD,2,Urban,Electronics,0
896,1,COD,6,Rural,Beauty,1
897,1,Prepaid,0,Urban,Beauty,1
898,1,COD,3,Urban,Beauty,1
899,0,Prepaid,3,Urban,Home,0
900,0,Prepaid,6,Urban,Home,1
901,0,Prepaid,7,Urban,Beauty,1
902,1,COD,0,Urban,Home,0
903,1,COD,4,Rural,Home,1
904,0,COD,6,Urban,Electronics,1
905,0,COD,3,Urban,Electronics,1
906,1,Prepaid,3,Rural,Home,1
907,1,COD,3,Rural,Beauty,0
908,0,COD,5,Rural,Clothing,0
909,0,Prepaid,6,Urban,Beauty,1
910,1,COD,1,Rural,Clothing,0
911,0,Prepaid,4,Urban,Beauty,1
912,0,Prepaid,3,Urban,Electronics,1
913,0,Prepaid,2,Urban,Home,1
914,1,Prepaid,6,Rural,Home,1
915,1,Prepaid,5,Rural,Electronics,0
916,1,Prepaid,6,Rural,Clothing,0
917,1,Prepaid,4,Rural,Clothing,0
918,1,Prepaid,5,Rural,Clothing,0
919,1,COD,4,Urban,Electronics,0
920,1,COD,6,Urban,Clothing,0
921,0,COD,1,Urban,Electronics,1
922,0,COD,4,Urban,Beauty,1
923,0,Prepaid,5,Rural,Beauty,0
924,0,COD,5,Rural,Electronics,0
925,0,Prepaid,4,Urban,Home,1
926,0,COD,9,Rural,Beauty,0
927,0,COD,6,Rural,Clothing,0
928,1,COD,9,Urban,Electronics,0
929,1,Prepaid,7,Urban,Clothing,0
930,0,COD,6,Rural,Clothing,0
931,0,Prepaid,4,Rural,Home,1
932,1,Prepaid,0,Urban,Clothing,0
933,0,COD,4,Urban,Home,0
934,0,COD,9,Urban,Beauty,0
935,1,COD,1,Rural,Electronics,0
936,0,Prepaid,4,Urban,Clothing,1
937,1,COD,4,Urban,Electronics,1
938,0,Prepaid,1,Rural,Clothing,1
939,1,Prepaid,4,Rural,Electronics,0
940,1,COD,3,Rural,Clothing,1
941,1,COD,0,Rural,Clothing,1
942,0,Prepaid,2,Rural,Clothing,1
943,1,Prepaid,0,Urban,Clothing,0
944,0,Prepaid,4,Urban,Clothing,0
945,0,COD,3,Rural,Clothing,0
946,0,Prepaid,6,Rural,Clothing,1
947,0,COD,4,Rural,Clothing,0
948,1,Prepaid,9,Rural,Clothing,0
949,1,Prepaid,3,Rural,Electronics,1
950,0,COD,1,Urban,Home,1
951,0,Prepaid,3,Urban,Clothing,1
952,1,COD,1,Urban,Home,0
953,0,COD,7,Urban,Clothing,1
954,1,Prepaid,2,Rural,Clothing,0
955,0,COD,8,Urban,Electronics,0
956,0,COD,3,Rural,Beauty,0
957,1,Prepaid,5,Rural,Beauty,0
958,0,COD,9,Rural,Electronics,0
959,1,COD,4,Urban,Home,1
960,0,COD,9,Rural,Beauty,0
961,0,Prepaid,0,Urban,Electronics,1
962,0,COD,8,Urban,Electronics,0
963,1,Prepaid,0,Rural,Beauty,0
964,0,Prepaid,7,Rural,Home,0
965,0,COD,8,Rural,Electronics,0
966,0,COD,8,Urban,Clothing,0
967,0,COD,0,Rural,Home,0
968,1,Prepaid,1,Urban,Home,0
969,1,COD,0,Rural,Beauty,0
970,0,COD,9,Rural,Beauty,0
971,1,COD,1,Urban,Clothing,1
972,0,COD,9,Urban,Electronics,0
973,0,COD,7,Urban,Beauty,1
974,0,Prepaid,4,Urban,Beauty,1
975,1,Prepaid,6,Urban,Home,1
976,1,COD,1,Urban,Beauty,1
977,1,COD,7,Rural,Beauty,0
978,1,COD,5,Rural,Beauty,1
979,1,COD,7,Urban,Beauty,1
980,1,Prepaid,0,Rural,Home,0
981,1,COD,0,Urban,Clothing,0
982,1,Prepaid,6,Rural,Clothing,0
983,1,Prepaid,7,Rural,Electronics,1
984,0,COD,2,Urban,Beauty,1
985,1,Prepaid,4,Urban,Home,0
986,1,Prepaid,0,Urban,Electronics,0
987,1,Prepaid,6,Rural,Electronics,0
988,1,Prepaid,4,Urban,Clothing,0
989,1,COD,7,Rural,Home,1
990,1,COD,7,Urban,Home,0
991,1,Prepaid,8,Rural,Home,0
992,1,COD,6,Rural,Clothing,0
993,1,COD,0,Urban,Clothing,1
994,1,COD,2,Rural,Clothing,0
995,1,COD,7,Rural,Clothing,1
996,0,COD,2,Urban,Clothing,0
997,0,Prepaid,7,Rural,Beauty,0
998,1,COD,0,Urban,Beauty,0
999,1,COD,4,Urban,Home,0
1000,0,COD,3,Urban,Electronics,0
